{"name":"data-society_the-simpsons-by-the-data","title":"The Simpsons by the Data","description":"Contains the characters, locations, episode details, and script lines for approximately 600 Simpsons episodes.\n\nOriginally, this dataset was scraped by Tod Schenider for his post [The Simpsons by the Data](http://toddwschneider.com/posts/the-simpsons-by-the-data/), for which he made the scraper [available on GitHub](https://github.com/toddwschneider/flim-springfield). [Kaggle user William Cukierski used the scraper to upload the data set](https://www.kaggle.com/wcukierski/the-simpsons-by-the-data), which has been rehosted here.\n\nAn additional column, `chalkboard_gag`, has been added to the `simpsons_episodes.csv` file, scraped from [Simpsons Wiki](http://simpsons.wikia.com/wiki/List_of_chalkboard_gags).","homepage":"https://data.world/data-society/the-simpsons-by-the-data","resources":[{"name":"simpsons_characters","schema":{"fields":[{"name":"id","title":"id","type":"integer","rdfType":"http://www.w3.org/2001/XMLSchema#integer","dwSourceId":"id"},{"name":"name","title":"name","description":"name of the character","type":"string","rdfType":"http://www.w3.org/2001/XMLSchema#string","dwSourceId":"name"},{"name":"normalized_name","title":"normalized_name","type":"string","rdfType":"http://www.w3.org/2001/XMLSchema#string","dwSourceId":"normalized_name"},{"name":"gender","title":"gender","type":"string","rdfType":"http://www.w3.org/2001/XMLSchema#string","dwSourceId":"gender"}]},"path":"data/simpsons_characters.csv","format":"csv"},{"name":"simpsons_episodes","schema":{"fields":[{"name":"id","title":"id","type":"integer","rdfType":"http://www.w3.org/2001/XMLSchema#integer","dwSourceId":"id"},{"name":"image_url","title":"image_url","type":"string","rdfType":"http://www.w3.org/2001/XMLSchema#anyURI","dwSourceId":"image_url"},{"name":"imdb_rating","title":"imdb_rating","type":"number","rdfType":"http://www.w3.org/2001/XMLSchema#decimal","dwSourceId":"imdb_rating"},{"name":"imdb_votes","title":"imdb_votes","type":"number","rdfType":"http://www.w3.org/2001/XMLSchema#decimal","dwSourceId":"imdb_votes"},{"name":"number_in_season","title":"number_in_season","type":"integer","rdfType":"http://www.w3.org/2001/XMLSchema#integer","dwSourceId":"number_in_season"},{"name":"number_in_series","title":"number_in_series","type":"integer","rdfType":"http://www.w3.org/2001/XMLSchema#integer","dwSourceId":"number_in_series"},{"name":"original_air_date","title":"original_air_date","type":"date","rdfType":"http://www.w3.org/2001/XMLSchema#date","dwSourceId":"original_air_date"},{"name":"original_air_year","title":"original_air_year","type":"gyear","rdfType":"http://www.w3.org/2001/XMLSchema#gYear","dwSourceId":"original_air_year"},{"name":"production_code","title":"production_code","type":"string","rdfType":"http://www.w3.org/2001/XMLSchema#string","dwSourceId":"production_code"},{"name":"season","title":"season","type":"integer","rdfType":"http://www.w3.org/2001/XMLSchema#integer","dwSourceId":"season"},{"name":"title","title":"title","type":"string","rdfType":"http://www.w3.org/2001/XMLSchema#string","dwSourceId":"title"},{"name":"us_viewers_in_millions","title":"us_viewers_in_millions","type":"number","rdfType":"http://www.w3.org/2001/XMLSchema#decimal","dwSourceId":"us_viewers_in_millions"},{"name":"video_url","title":"video_url","type":"string","rdfType":"http://www.w3.org/2001/XMLSchema#anyURI","dwSourceId":"video_url"},{"name":"views","title":"views","type":"number","rdfType":"http://www.w3.org/2001/XMLSchema#decimal","dwSourceId":"views"}]},"path":"data/simpsons_episodes.csv","format":"csv"},{"name":"simpsons_locations","schema":{"fields":[{"name":"id","title":"id","type":"integer","rdfType":"http://www.w3.org/2001/XMLSchema#integer","dwSourceId":"id"},{"name":"name","title":"name","type":"string","rdfType":"http://www.w3.org/2001/XMLSchema#string","dwSourceId":"name"},{"name":"normalized_name","title":"normalized_name","type":"string","rdfType":"http://www.w3.org/2001/XMLSchema#string","dwSourceId":"normalized_name"}]},"path":"data/simpsons_locations.csv","format":"csv"},{"name":"simpsons_script_lines","schema":{"fields":[{"name":"id","title":"id","type":"integer","rdfType":"http://www.w3.org/2001/XMLSchema#integer","dwSourceId":"id"},{"name":"episode_id","title":"episode_id","type":"integer","rdfType":"http://www.w3.org/2001/XMLSchema#integer","dwSourceId":"episode_id"},{"name":"number","title":"number","type":"integer","rdfType":"http://www.w3.org/2001/XMLSchema#integer","dwSourceId":"number"},{"name":"raw_text","title":"raw_text","type":"string","rdfType":"http://www.w3.org/2001/XMLSchema#string","dwSourceId":"raw_text"},{"name":"timestamp_in_ms","title":"timestamp_in_ms","type":"string","rdfType":"http://www.w3.org/2001/XMLSchema#string","dwSourceId":"timestamp_in_ms"},{"name":"speaking_line","title":"speaking_line","type":"string","rdfType":"http://www.w3.org/2001/XMLSchema#string","dwSourceId":"speaking_line"},{"name":"character_id","title":"character_id","type":"string","rdfType":"http://www.w3.org/2001/XMLSchema#string","dwSourceId":"character_id"},{"name":"location_id","title":"location_id","type":"integer","rdfType":"http://www.w3.org/2001/XMLSchema#integer","dwSourceId":"location_id"},{"name":"raw_character_text","title":"raw_character_text","type":"string","rdfType":"http://www.w3.org/2001/XMLSchema#string","dwSourceId":"raw_character_text"},{"name":"raw_location_text","title":"raw_location_text","type":"string","rdfType":"http://www.w3.org/2001/XMLSchema#string","dwSourceId":"raw_location_text"},{"name":"spoken_words","title":"spoken_words","type":"string","rdfType":"http://www.w3.org/2001/XMLSchema#string","dwSourceId":"spoken_words"},{"name":"normalized_text","title":"normalized_text","type":"string","rdfType":"http://www.w3.org/2001/XMLSchema#string","dwSourceId":"normalized_text"},{"name":"word_count","title":"word_count","type":"string","rdfType":"http://www.w3.org/2001/XMLSchema#string","dwSourceId":"word_count"}]},"path":"data/simpsons_script_lines.csv","format":"csv"},{"name":"original/simpsons_characters.csv","path":"original/simpsons_characters.csv","format":"csv","mediatype":"text/csv","bytes":214869},{"name":"original/simpsons_episodes.csv","path":"original/simpsons_episodes.csv","format":"csv","mediatype":"text/csv","bytes":125398},{"name":"original/simpsons_locations.csv","path":"original/simpsons_locations.csv","format":"csv","mediatype":"text/csv","bytes":178199},{"name":"original/simpsons_script_lines.csv","path":"original/simpsons_script_lines.csv","format":"csv","mediatype":"text/csv","bytes":35185146}],"keywords":["data society","simpsons","text mining","characters","script lines","regression","classification"]}